id,first_name,last_name,street,county,email,phone_number,time_stamp
2004-12-22T21:16:53.552939,Daniel,Thompson,"PSC 0201, Box 5172",APO AP 93154,wrightpaula@example.com,989.949.8554,2004-12-22T21:16:53.552939
2006-12-05T22:48:08.947891,Thomas,Myers,271 Riley Stravenue Suite 020,"Meadowsburgh, MP 04222",nlopez@example.org,(705)721-5500,2006-12-05T22:48:08.947891
1997-06-04T09:03:26.154260,Louis,Williams,921 Kyle Plaza Suite 802,"Port Ivanstad, WV 37886",qkline@example.net,+1-395-281-7850,1997-06-04T09:03:26.154260
1994-11-09T05:36:32.101125,Matthew,Moore,956 Miller Ports Suite 191,"South Amanda, PW 80002",gilbertnancy@example.net,9442815059,1994-11-09T05:36:32.101125
1983-05-12T12:16:06.360301,Shannon,Nguyen,03677 Myers Fort Apt. 742,"Pattersonburgh, FM 97682",hannahnelson@example.org,885-925-2596,1983-05-12T12:16:06.360301
1975-04-30T17:18:56.097810,Stephen,Hudson,14799 Gilbert Gardens Suite 214,"West Anna, IN 79409",williamsryan@example.org,001-709-859-9913x544,1975-04-30T17:18:56.097810
1992-08-15T15:03:39.952490,Jason,Krause,2821 Kim Bypass,"Thomasside, VI 95005",drew49@example.net,+1-620-641-7783x0802,1992-08-15T15:03:39.952490
1995-10-19T22:50:36.023051,Terri,Cervantes,848 Hodge Estate,"East John, GU 57979",hickmanann@example.net,(326)613-6995x333,1995-10-19T22:50:36.023051
2006-07-09T00:07:21.374003,Tara,Anderson,043 Cody Prairie Suite 260,"Gutierrezburgh, FM 14406",ycooley@example.org,001-634-225-5150x160,2006-07-09T00:07:21.374003
1978-06-09T19:16:31.356340,Erika,Jones,284 Thomas Loop,"Turnerhaven, MP 05063",amanda23@example.com,391-402-8212,1978-06-09T19:16:31.356340
1985-08-13T20:04:02.503952,Kyle,Levy,046 Sheryl Estates Apt. 634,"Glenntown, VT 42864",orozcomark@example.net,652.430.5689x803,1985-08-13T20:04:02.503952
1985-01-24T21:49:20.841853,Shawn,Jacobs,9356 Stevens Trafficway Suite 176,"Craigland, HI 64734",ujones@example.com,391.536.0441x912,1985-01-24T21:49:20.841853
1978-07-11T12:29:07.454348,Riley,Gallagher,04759 Kyle Wells Apt. 213,"New Deanchester, AS 72977",bethayers@example.net,+1-796-784-5236x18588,1978-07-11T12:29:07.454348
2013-06-17T11:39:54.684528,Dalton,Merritt,13295 Julie Village Suite 516,"West Michael, AK 04237",lfisher@example.com,322.701.8410,2013-06-17T11:39:54.684528
2006-02-24T21:19:27.942164,Tammy,Roy,5289 Ashley Dam Suite 192,"West Michaelborough, NY 39043",jensencarol@example.net,+1-564-703-9078,2006-02-24T21:19:27.942164
1979-11-10T06:08:30.330387,Allison,Johns,952 Diana Estates,"Traceymouth, MO 23860",khernandez@example.com,8673887865,1979-11-10T06:08:30.330387
1973-11-30T03:46:43.379488,Caitlyn,Reyes,4691 Roman Summit,"West Christopherberg, ME 42252",timothy31@example.com,3789081547,1973-11-30T03:46:43.379488
1996-05-22T04:20:11.217116,Dakota,Ramirez,9830 Holland Shoal,"Tammyville, NH 67982",wrightkimberly@example.com,248.658.2120,1996-05-22T04:20:11.217116
1973-09-26T02:37:41.658261,Charles,Gonzalez,93655 Mills Junctions Apt. 668,"Reyesbury, MO 79430",clarkryan@example.org,(256)947-9719,1973-09-26T02:37:41.658261
