time,name,address,email,phone_number
2002-05-22T17:38:06.154055,Xavier Riley,"45829 Fowler Throughway Apt. 981; East Bethshire, MP 57466",reedchristopher@example.com,001-484-793-7675x21058
1970-04-29T17:52:56.152840,Tracy Martinez,"293 Tracy Lights Apt. 823; Petershire, DE 36439",qwilliams@example.net,381.547.4518x82743
1989-09-02T19:13:20.665331,Morgan Chase,"7205 Raymond Rapid; Casechester, MD 28271",snyderrichard@example.com,891.730.9872
2003-07-08T08:19:19.871079,Nicholas Hall,"938 Sheena Mills; New Jodyshire, NV 92605",donna77@example.com,(591)333-9531
1995-08-14T23:40:19.412206,Charles Fitzpatrick,"713 Veronica Pine; Dustinchester, GA 62236",bmay@example.org,001-868-955-0010x588
2019-05-14T06:28:38.462237,John Harris,"32162 Bonnie Roads; East Mark, VA 87571",richardhogan@example.net,734-307-3732
1973-09-20T05:06:05.565127,Shannon Brown,"1081 Ross Shore Suite 771; Walkerton, DE 27323",mestrada@example.com,997-712-1089
1991-01-10T00:51:14.135024,Amy Wade,"452 Thompson Ford; Douglasstad, WV 72892",brownvictoria@example.org,500-517-1492x499
2013-01-27T07:14:06.523684,Amanda Young,Unit 5859 Box 1312; DPO AE 55470,vgregory@example.net,+1-859-227-3289x7267
1985-06-06T02:38:36.626242,Margaret Wade,"31680 Clark Stream; Lake Hollyport, MT 19777",gordontravis@example.com,892-556-9042x989
2013-03-02T15:11:07.108636,Kenneth Smith,"28500 Ruiz Locks Apt. 190; Kevinville, DC 37746",ajohnson@example.org,215-979-0573
2020-07-18T17:34:10.601939,Krista Bailey,"86050 Stephanie Causeway Suite 365; Shawborough, KS 58189",jennifer93@example.com,+1-593-389-5954x0492
2018-03-08T18:37:07.675649,Rebecca Andrade,Unit 2378 Box 2828; DPO AA 43257,tinaedwards@example.org,(445)218-4941
2016-05-16T00:55:28.868055,Anita Davis,"9691 Joel Plaza; Jeremyfurt, IA 50628",emilysims@example.org,+1-233-500-1492x0224
